"0","oh_counties <- read_sf(""./ohio/oh_counties.gpkg"")"
"0","oh_counties %>% glimpse()"
"1","Rows: 88"
"1",""
"1","
"
"1","Columns: 19"
"1",""
"1","
"
"1","$ STATEFP  [3m[38;5;246m<chr>[39m[23m ""39"", ""39"", ""39"", ""39"", ""39"", ""39"", ""39"", ""39"", ""39"", ""39"", ""39"", ""39"", ""39"", ""39"", ""39"", ""39"", ""39"", ""39"", ""39"", ""39"", ""39"", …
$ COUNTYFP [3m[38;5;246m<chr>[39m[23m ""063"", ""003"", ""085"", ""047"", ""017"", ""115"", ""133"", ""145"", ""163"", ""125"", ""069"", ""051"", ""015"", ""091"", ""155"", ""131"", ""111"", ""087"", …
$ COUNTYNS [3m[38;5;246m<chr>[39m[23m ""01074044"", ""01074015"", ""01074055"", ""01074036"", ""01074021"", ""01074070"", ""01074079"", ""01074085"", ""01074093"", ""01074075"", ""01074…
$ GEOID    [3m[38;5;246m<chr>[39m[23m ""39063"", ""39003"", ""39085"", ""39047"", ""39017"", ""39115"", ""39133"", ""39145"", ""39163"", ""39125"", ""39069"", ""39051"", ""39015"", ""39091"", …
$ GEOIDFQ  [3m[38;5;246m<chr>[39m[23m ""0500000US39063"", ""0500000US39003"", ""0500000US39085"", ""0500000US39047"", ""0500000US39017"", ""0500000US39115"", ""0500000US39133"", …
$ NAME     [3m[38;5;246m<chr>[39m[23m ""Hancock"", ""Allen"", ""Lake"", ""Fayette"", ""Butler"", ""Morgan"", ""Portage"", ""Scioto"", ""Vinton"", ""Paulding"", ""Henry"", ""Fulton"", ""Brow…
$ NAMELSAD [3m[38;5;246m<chr>[39m[23m ""Hancock County"", ""Allen County"", ""Lake County"", ""Fayette County"", ""Butler County"", ""Morgan County"", ""Portage County"", ""Scioto…
$ LSAD     [3m[38;5;246m<chr>[39m[23m ""06"", ""06"", ""06"", ""06"", ""06"", ""06"", ""06"", ""06"", ""06"", ""06"", ""06"", ""06"", ""06"", ""06"", ""06"", ""06"", ""06"", ""06"", ""06"", ""06"", ""06"", …
$ CLASSFP  [3m[38;5;246m<chr>[39m[23m ""H1"", ""H1"", ""H1"", ""H1"", ""H1"", ""H1"", ""H1"", ""H1"", ""H1"", ""H1"", ""H1"", ""H1"", ""H1"", ""H1"", ""H1"", ""H1"", ""H1"", ""H1"", ""H1"", ""H1"", ""H1"", …
$ MTFCC    [3m[38;5;246m<chr>[39m[23m ""G4020"", ""G4020"", ""G4020"", ""G4020"", ""G4020"", ""G4020"", ""G4020"", ""G4020"", ""G4020"", ""G4020"", ""G4020"", ""G4020"", ""G4020"", ""G4020"", …
$ CSAFP    [3m[38;5;246m<chr>[39m[23m ""248"", ""338"", ""184"", ""198"", ""178"", [31mNA[39m, ""184"", ""170"", [31mNA[39m, [31mNA[39m, [31mNA[39m, [31mNA[39m, ""178"", ""198"", ""566"", [31mNA[39m, [31mNA[39m, ""170"", [31mNA[39m, ""360"", ""198"", ""33…
$ CBSAFP   [3m[38;5;246m<chr>[39m[23m ""22300"", ""30620"", ""17410"", ""47920"", ""17140"", [31mNA[39m, ""10420"", ""39020"", [31mNA[39m, [31mNA[39m, [31mNA[39m, ""45780"", ""17140"", ""13340"", ""49660"", [31mNA[39m, [31mNA[39m, ""26…
$ METDIVFP [3m[38;5;246m<chr>[39m[23m [31mNA[39m, [31mNA[39m, [31mNA[39m, [31mNA[39m, [31mNA[39m, [31mNA[39m, [31mNA[39m, [31mNA[39m, [31mNA[39m, [31mNA[39m, [31mNA[39m, [31mNA[39m, [31mNA[39m, [31mNA[39m, [31mNA[39m, [31mNA[39m, [31mNA[39m, [31mNA[39m, [31mNA[39m, [31mNA[39m, [31mNA[39m, [31mNA[39m, [31mNA[39m, [31mNA[39m, [31mNA[39m, [31mNA[39m, [31mNA[39m, [31mNA[39m, [31mNA[39m, [31mNA[39m, [31mNA[39m, [31mNA[39m…
$ FUNCSTAT [3m[38;5;246m<chr>[39m[23m ""A"", ""A"", ""A"", ""A"", ""A"", ""A"", ""A"", ""A"", ""A"", ""A"", ""A"", ""A"", ""A"", ""A"", ""A"", ""A"", ""A"", ""A"", ""A"", ""A"", ""A"", ""A"", ""A"", ""A"", ""A"", ""…
$ ALAND    [3m[38;5;246m<dbl>[39m[23m 1376122055, 1042587391, 594129618, 1052469885, 1208270096, 1078538281, 1262380881, 1580293392, 1068008170, 1078561236, 1077469…
$ AWATER   [3m[38;5;246m<dbl>[39m[23m 6024245, 11152061, 1942308103, 1694038, 9196537, 13868572, 43125138, 16072294, 6781751, 6245396, 9680060, 4579039, 8879057, 21…
$ INTPTLAT [3m[38;5;246m<chr>[39m[23m ""+41.0002170"", ""+40.7716274"", ""+41.7781416"", ""+39.5552462"", ""+39.4397469"", ""+39.6249458"", ""+41.1689703"", ""+38.8148886"", ""+39.2…
$ INTPTLON [3m[38;5;246m<chr>[39m[23m ""-083.6659471"", ""-084.1061032"", ""-081.1973297"", ""-083.4618927"", ""-084.5657341"", ""-081.8616967"", ""-081.1969618"", ""-082.9986750""…
$ geom     [3m[38;5;246m<MULTIPOLYGON [°]>[39m[23m MULTIPOLYGON (((-83.61191 4..., MULTIPOLYGON (((-84.10959 4..., MULTIPOLYGON (((-81.10226 4..., MULTIPOLYGON (((-…"
"1",""
"1","
"
